{"cameraMode":{"drawMode":0,"name":"Shaded","section":"Shading Mode"},"sceneLighting":false,"audioPlay":false,"sceneViewState":{"showFog":true,"showMaterialUpdate":false,"showSkybox":false,"showFlares":true,"showImageEffects":true,"showParticleSystems":true,"showVisualEffectGraphs":true,"m_FxEnabled":true},"in2DMode":false,"pivot":{"x":31.07836151123047,"y":4.209537982940674,"z":-0.17734050750732423},"rotation":{"x":-0.00030945081380195916,"y":-0.03089809976518154,"z":0.000009560721991874743,"w":-0.9995229244232178},"size":11.595959663391114,"orthographic":false}